:START_ID,unknow,:END_ID,:TYPE
004e598b-880c-87cb-5568-db9d4367cc6c,39,c02cd6fc-efa1-db3c-1651-d4db40d328b0,/people/person/nationality
00d17dbd-e698-90dd-2673-ef2f5da481ec,35,257c7bcf-fae0-b046-a53b-fd6ccdef8733,/location/location/contains
011510d4-fddd-9d61-d42d-f8499e030be1,43,e307fcc7-54ab-e025-94db-67fbb5cd391c,/people/person/nationality
0134825c-e3f2-09fd-ce7c-eda152028427,69,c02cd6fc-efa1-db3c-1651-d4db40d328b0,/people/person/nationality
01baf449-a173-341c-ffd9-d115bc0aa68f,74,dcf04381-665a-ad0b-2055-83edddaa0b82,/people/person/nationality
01ff4ae0-cdc0-8344-0ffe-a31e3ba7c5b7,53,e307fcc7-54ab-e025-94db-67fbb5cd391c,/location/administrative_division/country
0362039c-74ae-b3b5-1ccc-6fd4a8f56609,13,1dfd380f-8daa-82fb-9fd6-fa8843d659b4,/location/location/contains
045cc8fd-5e91-5ee7-805f-c832681ab7ad,2,c02cd6fc-efa1-db3c-1651-d4db40d328b0,/people/person/nationality
046fcfc9-afba-55c1-636f-b11142255106,65,c1e46b62-2936-d34e-2110-0c8c9994201f,/people/person/nationality
079f200a-ae0b-0020-fcf9-03a63fe9819d,49,95c0fcd9-43e8-4483-3f6f-c658a99d3538,/business/person/company
0b9286f5-3e01-9314-8d6c-123d4bc036ef,4,e307fcc7-54ab-e025-94db-67fbb5cd391c,/people/person/nationality
0d967de2-e40e-5a34-32d8-2fa9944a75e6,28,c1e46b62-2936-d34e-2110-0c8c9994201f,/people/person/nationality
0e581ea2-c35b-ec3e-9416-f64cbb2bdd31,89,69e47faa-2acb-7df6-19f0-5b0fd7210799,/business/person/company
0e9b1db5-c178-06b5-0043-c393f5e1c3ac,19,2bbfc2cb-0816-eb43-568e-8b8ffd458456,/people/person/nationality
0fdbb6c1-6eda-a0fd-67c8-8c11bfa328d6,73,ea4db6c7-7977-b80f-bc8c-f18938def387,/location/location/contains
10f1b9bf-a435-7e3e-2685-15bc7a07f482,79,0fdd74c0-392c-7e37-2d05-c29b267d3da0,/business/person/company
12de547e-4cff-8f31-e89b-acf4ed19d5ff,3,c1e46b62-2936-d34e-2110-0c8c9994201f,/people/person/nationality
13dc15cc-7baa-415d-9e10-f1cc8bca8905,79,84235072-1a08-2fe7-49e1-e7154d83d1cc,/people/person/nationality
13f5c4d7-cb21-e7d1-c5d3-ccdc8852e297,68,9a3ce998-fcd0-bb53-929f-1e9e3f0d0f78,/people/person/nationality
14a2ea6c-ea0c-8ca3-f257-1b82abbf260d,25,d9dd6d43-a656-8c6c-8ab2-801d138d2139,/people/person/nationality
16eec21a-b8ca-4906-2cb5-f04d9efc4b1b,91,1c3b7e62-333b-eb45-eb0b-a0d230d10f55,/people/person/place_lived
185d8aeb-bfb4-44ac-26da-ac9c4c6e1569,76,ab4339a2-32dc-ff60-41f3-e14923248a6e,/people/person/place_lived
1892e45f-52e5-981e-d16f-4d2e7c4a9765,22,c02cd6fc-efa1-db3c-1651-d4db40d328b0,/people/person/nationality
18b1ca99-db60-2f5d-1af1-799727b78923,74,27924239-6dc8-41f0-6a6d-060c2250c2a4,/people/person/nationality
1a3f4d6e-f3f4-a7be-b644-1d44bf742f3e,26,636f1887-ef77-bf90-494e-a1cba8adad04,/people/person/nationality
1bcf6281-c981-f5ec-2f54-1fc55cb5269d,24,e307fcc7-54ab-e025-94db-67fbb5cd391c,/people/person/nationality
1c3b7e62-333b-eb45-eb0b-a0d230d10f55,54,aa347b7b-ba3c-9ac8-0dbf-59da75ef1ff6,/location/location/contains
1c97244b-5347-5211-9a20-c59880367fda,53,fd3b744d-c98e-fea5-ac48-be0aea984ceb,/location/location/contains
1da15737-2025-e985-9877-f2a9f801a434,20,a50525a6-8a4e-4121-7179-0b08b5592725,/business/person/company
1dffc81c-d0ee-697e-9da4-1fc590b5464c,8,615e510b-698e-1a63-3736-9fe70d72e531,/location/administrative_division/country
1e38d22f-24a0-3467-75d1-c6cab0e02055,45,1683e014-7761-d90c-94c6-acade596e17c,/business/person/company
1e4cd12d-66c4-c9c4-16db-657aa561bed1,83,d9dd6d43-a656-8c6c-8ab2-801d138d2139,/people/person/nationality
1ffa5745-a6a6-d242-df6a-315812a00902,75,d9dd6d43-a656-8c6c-8ab2-801d138d2139,/people/person/nationality
20565c53-6667-9039-769b-4155ca9846a6,51,3e5dde9b-1a7e-5858-008c-b6beeb89232d,/people/person/nationality
23ae3b37-2af5-4d76-d8a4-cb6b40917aeb,2,2bbfc2cb-0816-eb43-568e-8b8ffd458456,/people/person/nationality
23df9c93-a5ea-5117-6823-a3f8642ed084,56,9a3ce998-fcd0-bb53-929f-1e9e3f0d0f78,/people/person/nationality
2508706e-79f3-2642-c0ea-2d165f9d862d,89,e307fcc7-54ab-e025-94db-67fbb5cd391c,/people/person/nationality
259599de-e62e-32ae-a14d-00c9c36a6dc6,6,f46c9660-5307-2cd9-79fd-56a34e9f9e8b,/business/person/company
26987a1e-58ba-3ddc-7ccd-044070aeba2a,71,d9dd6d43-a656-8c6c-8ab2-801d138d2139,/people/person/nationality
2738c233-be12-d34b-7073-494bc728bfa6,72,e177bbf8-9435-0fcc-655a-ec5233a5c49a,/business/person/company
297d3bb3-51b6-c5bd-969e-c8650007195f,15,052f4bf8-e1a7-8b1e-defd-64de866330cc,/people/person/nationality
2bbfc2cb-0816-eb43-568e-8b8ffd458456,90,1e5a6ea6-565d-fea7-11da-57a6bb9f32fd,/location/location/contains
2c7b2c11-8e25-0e52-5c43-a9d066bd5efe,54,9a3ce998-fcd0-bb53-929f-1e9e3f0d0f78,/people/person/nationality
2cb01858-3dff-be7a-3b86-413825877320,56,e307fcc7-54ab-e025-94db-67fbb5cd391c,/people/person/nationality
2cbec3b5-a6f6-3063-2e5a-f6b6c9d0793a,98,ce230bd7-642a-4ffa-ca85-7d69313f929e,/people/person/nationality
2de2f230-b172-1ae2-66bb-4e8a3bbf8b34,48,c02cd6fc-efa1-db3c-1651-d4db40d328b0,/people/person/nationality
2f5d2102-55c5-2a41-ae06-6ff934bf35f8,13,20b6e998-0443-68c8-c427-0411ae9e064a,/location/location/contains
2f5d2102-55c5-2a41-ae06-6ff934bf35f8,25,626f596c-3589-473e-b062-e539dd4647d6,/location/location/contains
2f5d2102-55c5-2a41-ae06-6ff934bf35f8,27,63467437-1677-6544-5340-376359496f2f,/location/location/contains
2f5d2102-55c5-2a41-ae06-6ff934bf35f8,66,d3fbeda8-2669-d564-0fc0-038e8b2b9a39,/location/location/contains
300af334-c43b-c93d-ec0d-c31d48816fcf,38,9bd29023-786e-1e39-af64-775be24c7e92,/business/person/company
301f4622-477c-f372-b8e0-baf7a820f601,21,615e510b-698e-1a63-3736-9fe70d72e531,/people/person/nationality
302488b7-c266-2d9c-6b1d-1076d5da41c6,11,636f1887-ef77-bf90-494e-a1cba8adad04,/people/person/nationality
3091d193-e5b2-0513-59fe-461867dd24e5,91,80c1a267-65bd-e482-5038-f3456dbd2fa0,/location/location/contains
3091d193-e5b2-0513-59fe-461867dd24e5,44,9a2c3753-f9f4-d2e8-1fdf-55f60a1c4ef0,/location/location/contains
3091d193-e5b2-0513-59fe-461867dd24e5,95,c7968899-a2d2-6a6a-c527-44940a077543,/location/location/contains
316333b7-11c8-1ce5-2504-0fe79117c007,0,0c6db041-5e86-d1b1-73bd-2dabe55f69de,/people/person/nationality
31ae85ff-433c-9361-5e4c-2293e0b78d68,33,c02cd6fc-efa1-db3c-1651-d4db40d328b0,/people/person/nationality
31d10d43-2bf5-7e3a-35ee-2ee00e8b576b,34,8cacd5c6-7f3d-29a5-c1d4-b27c6517db51,/people/person/nationality
321f6c0c-a8c4-1089-26eb-a9b668053ef8,45,95e7dc72-504e-7fe8-9537-563b4cc820c0,/business/person/company
340b6e1a-6ab9-224d-52bb-8c7c883efda9,70,c02cd6fc-efa1-db3c-1651-d4db40d328b0,/people/person/nationality
358cdd7d-3168-74ae-3182-bec4213a06ef,66,636f1887-ef77-bf90-494e-a1cba8adad04,/people/person/nationality
35be5e6e-a4ae-f34c-59b9-14e2f26c015e,13,9a3ce998-fcd0-bb53-929f-1e9e3f0d0f78,/people/person/nationality
35ed3efd-8ac9-91c9-3d28-c59550dbb028,57,27924239-6dc8-41f0-6a6d-060c2250c2a4,/people/person/nationality
3624c075-91a5-4b81-6460-ad0f996bb73c,9,97e1e4dc-3891-1335-6c48-1111436f428f,/business/person/company
36329c7a-13ae-3c2e-dbce-04da7811a5c8,25,d8c730c2-096c-6839-ab3c-4cce72c73d00,/people/person/nationality
365feca4-4669-4670-d168-def6356d25f1,77,c02cd6fc-efa1-db3c-1651-d4db40d328b0,/people/person/nationality
367f7c1b-f122-0e34-3151-c36a26e40ee8,97,c02cd6fc-efa1-db3c-1651-d4db40d328b0,/people/person/nationality
368b795c-1d4e-3feb-9519-9cc462a7095c,47,c02cd6fc-efa1-db3c-1651-d4db40d328b0,/people/person/nationality
381281df-fdc4-9a02-291d-f7931fe289ae,83,3091d193-e5b2-0513-59fe-461867dd24e5,/people/person/place_lived
39ccb156-affd-db04-0d02-545b267852f0,63,604486ac-cbec-c8db-bfb1-5cb9a1b2c188,/location/location/contains
3a0caa67-eb44-6d72-0baf-a81a02ec5580,83,615e510b-698e-1a63-3736-9fe70d72e531,/people/person/nationality
3a1ef567-5d95-e90f-c96b-b4c197810a53,74,233ab4d7-dc4e-e203-ecd7-1ad2abbaaa32,/people/person/nationality
3aab52ff-4fa4-ae43-1d11-2c556db09545,69,a913663e-66cd-8bc7-50b4-3a501b1ee89f,/location/location/contains
3b7d2749-fb74-aa01-5067-13679705d3a1,56,c41a2d1a-c5aa-aa67-40be-1bed7ef58fab,/people/person/place_lived
3ba8f654-d566-9ab0-2f1c-918cb8144ff4,65,d524659d-f243-55b6-30f6-467cf2c5becf,/people/person/nationality
3bd40336-c776-67a4-0592-ed8d828224f7,1,c45777ba-880c-9e03-ed61-9c77b1eed20c,/business/person/company
3c66e47c-b13b-d487-c189-609399dcb4f6,85,615e510b-698e-1a63-3736-9fe70d72e531,/people/person/nationality
3d031606-1f9f-d626-f5f2-9893c07370c6,92,4fa78f37-94c6-4599-ee6c-c704d0af3db0,/business/person/company
3db7baf1-a116-11b6-fdfe-0b34a39648dc,30,e307fcc7-54ab-e025-94db-67fbb5cd391c,/location/administrative_division/country
3eeeefe5-918d-7138-c226-2e07bde8bfd6,89,84235072-1a08-2fe7-49e1-e7154d83d1cc,/people/person/nationality
3fd8f725-a887-c95f-f164-92e08b39bd68,7,34c08e07-0408-d015-725b-e20b23e35d40,/people/person/nationality
3fef25e8-08d4-705a-689d-ac258ac5b4c2,24,c02cd6fc-efa1-db3c-1651-d4db40d328b0,/people/person/nationality
4010c79a-0610-98ad-45ad-d1f4fc9590d8,32,12a9d4ce-56a2-b37b-7891-62ed4717f92f,/location/neighborhood/neighborhood_of
401c5641-9049-a9da-561b-aac9e2573488,94,6fddf945-a4a9-194d-0f5b-487a65910756,/location/location/contains
407062d4-b5a8-2ec5-9637-87f1d6280b83,97,9bd29023-786e-1e39-af64-775be24c7e92,/business/person/company
42225bcc-e3bb-f88e-c068-e77b749ee608,32,9a3ce998-fcd0-bb53-929f-1e9e3f0d0f78,/people/person/nationality
45ff4e0f-3a0b-1a28-810a-9acb1a0d50b0,55,c02cd6fc-efa1-db3c-1651-d4db40d328b0,/people/person/nationality
463df427-3f27-395c-8854-f5a755084791,15,636f1887-ef77-bf90-494e-a1cba8adad04,/people/person/nationality
46c42485-94af-38f6-c255-7f5abaf73df0,98,d419c1a0-7c3d-d760-1a04-87b841515ef1,/business/person/company
46c5abff-840d-cd53-e63c-d65ab60592df,87,b9d965d6-313b-03ad-b0c8-626763f0feab,/location/location/contains
46d02b9e-5aaa-e546-6b4b-659423370336,44,bc8ae361-2106-37fd-29c2-90176e8d1e1c,/people/person/nationality
47439dd7-4827-c76e-102d-ca17e0496406,59,83910e17-ee11-1606-f07b-72babc8feab6,/location/location/contains
47439dd7-4827-c76e-102d-ca17e0496406,18,bc6dd0c6-15d4-b47b-1222-440ade1a02f0,/location/location/contains
48479a6a-dae8-90a9-dae4-aa117e956962,35,f046efc6-5b84-1e9d-8f00-756d73903f91,/people/person/place_lived
494e1d38-99de-f9fe-d654-d489aa29bc5c,57,233ab4d7-dc4e-e203-ecd7-1ad2abbaaa32,/people/person/nationality
49b25102-8e5a-7a18-9a90-3afe800284f2,34,f409fbf9-4174-6a11-9045-d360d7c10ee9,/people/person/nationality
49fbffe2-9b7a-1bad-9f59-91cde56ac599,5,1683e014-7761-d90c-94c6-acade596e17c,/business/person/company
4a3de639-4cd3-0746-d13a-aaee2091a335,0,e307fcc7-54ab-e025-94db-67fbb5cd391c,/people/person/nationality
4bb8be32-303e-18de-0bea-b72cd6f59c88,86,2bbfc2cb-0816-eb43-568e-8b8ffd458456,/people/person/nationality
4c36d4d6-fc1a-07dd-0f98-7acb6bc338ac,86,72cc4640-5e38-1268-0b0e-c786c6ed8402,/location/location/contains
4c84f078-1bae-8328-abd3-64533ce9f19b,92,e307fcc7-54ab-e025-94db-67fbb5cd391c,/people/person/nationality
4ddc836d-184a-87e4-d391-2bf0b41d1a34,62,efbdef9c-347b-fe7d-f0f0-40d2b1747531,/location/location/contains
4dff94c1-9e27-8794-2b38-253fbc6995c8,6,62195888-4cc4-b25b-46e6-71f946e72ea5,/business/person/company
4fa78f37-94c6-4599-ee6c-c704d0af3db0,66,044af4d3-edeb-f870-13f7-3869c9046520,/business/person/company
51885d03-c2bb-113e-3cab-3ca8e13d35aa,24,9a3ce998-fcd0-bb53-929f-1e9e3f0d0f78,/people/person/nationality
53240edc-593d-bb44-6687-cbb981748af1,75,e307fcc7-54ab-e025-94db-67fbb5cd391c,/people/person/nationality
539f4118-b639-f8eb-31d0-9f8991e952f5,8,e7ce6009-90f1-6790-b172-bb286d1ab0c3,/people/person/nationality
55ca7524-62c3-2adc-7098-4a08b76b1710,50,65c23618-3fa2-bc3d-81c8-4ff6fe03a3bb,/people/person/place_lived
560fc989-2015-fc4b-a668-3545d6873576,54,4daf6695-4a37-821e-f8bf-472e922b7c53,/business/person/company
573c7a77-2f00-6d6a-c5ac-3279b29719a8,32,e307fcc7-54ab-e025-94db-67fbb5cd391c,/people/person/nationality
57625d4c-b521-4437-a52e-d76c1e6b2886,61,c1e46b62-2936-d34e-2110-0c8c9994201f,/people/person/nationality
58a10938-c468-14a4-957b-8947ab20f7b1,82,615e510b-698e-1a63-3736-9fe70d72e531,/people/person/nationality
59ce398c-e5a7-bcd2-cc33-86550641ed4e,53,2bbfc2cb-0816-eb43-568e-8b8ffd458456,/people/person/nationality
5a9df883-a6d6-f813-ba80-28d799092ee7,80,9b129329-6d27-3bf3-a78a-4137873e00fc,/location/administrative_division/country
5b868aab-dc2a-7517-cf8e-bd7e3e45232a,55,c02cd6fc-efa1-db3c-1651-d4db40d328b0,/people/person/nationality
5c3a7201-a1e0-85a8-c068-57a480a34dba,87,615e510b-698e-1a63-3736-9fe70d72e531,/people/person/nationality
5cb4cad8-38a6-c5a0-5a79-fd912a6c4996,26,0b8be647-59d2-6b7b-fcc2-70e7b7f92a49,/location/location/contains
5ccb048c-d083-b651-3aba-6f201afef528,97,e307fcc7-54ab-e025-94db-67fbb5cd391c,/people/person/nationality
5cfb068a-ab22-21d0-3eb4-867b6f63653f,8,e307fcc7-54ab-e025-94db-67fbb5cd391c,/location/administrative_division/country
5d0291b4-6be5-a8bd-d1eb-a79be41e871b,79,833d7500-0869-f640-3381-7af1292ac9f2,/location/location/contains
5dde30a0-117e-267b-2c16-c742d67c3251,47,636f1887-ef77-bf90-494e-a1cba8adad04,/people/person/nationality
5e5a74ca-577d-a954-853c-98e032cdc475,80,2bbfc2cb-0816-eb43-568e-8b8ffd458456,/people/person/nationality
5ed77c71-faa4-71b2-3e89-8c9efd3affee,30,615e510b-698e-1a63-3736-9fe70d72e531,/people/person/nationality
5eea7ba2-5726-129b-ef0d-ac947c490849,67,42aa7e35-6c34-b704-136d-8bd79b337e96,/business/person/company
5f2e70ae-a631-9ce3-ed1c-c25f4374b7f6,6,e00cb10a-cdc2-d825-2e4b-cdf50f80b067,/location/location/contains
5f4d74a9-aeab-a4d3-8412-a4952cc6dc32,81,e00cb10a-cdc2-d825-2e4b-cdf50f80b067,/people/person/place_lived
604486ac-cbec-c8db-bfb1-5cb9a1b2c188,13,204e0d09-6d9c-57c0-c5de-84e5a233d117,/location/location/contains
61eecbcb-13de-f3ac-3bb0-75fe14e9a1ce,11,c1e46b62-2936-d34e-2110-0c8c9994201f,/people/person/nationality
6323de8a-793d-5152-49cb-f9e5faff1cec,6,4fe4fa08-0969-9367-229b-7f6827504924,/business/person/company
636f1887-ef77-bf90-494e-a1cba8adad04,4,358cdd7d-3168-74ae-3182-bec4213a06ef,/location/location/contains
636f1887-ef77-bf90-494e-a1cba8adad04,64,867ca1ad-8ff0-f26e-fa7b-57d487a70d8a,/location/location/contains
636f1887-ef77-bf90-494e-a1cba8adad04,60,aa82416f-bcce-122a-8fdb-9d08eadcc4fa,/location/location/contains
638fc3a7-1390-344d-71c8-bbfea5a9041c,68,655cbb41-60d2-5d94-df41-8abcabc744cb,/location/neighborhood/neighborhood_of
641d8f5e-bc84-3918-a60b-6a1adc81f1f6,94,3091d193-e5b2-0513-59fe-461867dd24e5,/people/person/place_lived
65c23618-3fa2-bc3d-81c8-4ff6fe03a3bb,38,4e13ad28-3bd8-ac27-d6a2-8934dfebcd72,/location/location/contains
666f03e0-3e92-3451-7985-f02c8044cf71,43,604486ac-cbec-c8db-bfb1-5cb9a1b2c188,/location/location/contains
67f16ba2-494f-9d73-b592-f14d2ff6b1e6,30,84235072-1a08-2fe7-49e1-e7154d83d1cc,/people/person/nationality
6810f09b-66e2-aa3c-46da-4d6374cd5f73,2,9a3ce998-fcd0-bb53-929f-1e9e3f0d0f78,/people/person/nationality
6862b9ce-c813-19b3-e4a2-505bd7e49f7a,47,c02cd6fc-efa1-db3c-1651-d4db40d328b0,/people/person/nationality
699b589b-d716-238a-9f27-f8bc16a06045,33,e307fcc7-54ab-e025-94db-67fbb5cd391c,/people/person/nationality
69ae789a-a2f6-a9be-bdbf-960c4cb32e92,17,c02cd6fc-efa1-db3c-1651-d4db40d328b0,/people/person/nationality
69bca400-a2d7-b5bf-c04a-244b9c0a1376,66,b69b9605-85cf-4f81-2dd4-c4c29a2efc7f,/people/person/nationality
6bdfc70e-db66-9fff-8f97-9f3b246692d1,71,1c3b7e62-333b-eb45-eb0b-a0d230d10f55,/people/person/place_lived
6cb2b55b-05d0-c752-aadc-5d30f4a90ffb,5,636f1887-ef77-bf90-494e-a1cba8adad04,/people/person/nationality
6cb8bc39-89e3-74a7-b4da-7d107a0dc568,68,819e01d9-fceb-b23e-13c8-7dbbc10d44af,/business/person/company
6e9b5917-e989-5a04-5c80-6b261d06d48b,0,bc8ae361-2106-37fd-29c2-90176e8d1e1c,/people/person/nationality
6fba741e-7870-7ef6-96b2-cf07d47be5a3,22,636f1887-ef77-bf90-494e-a1cba8adad04,/people/person/nationality
70e02300-7d04-ff8d-1dad-784850f51074,98,636f1887-ef77-bf90-494e-a1cba8adad04,/people/person/nationality
71db62ac-a470-1d27-064b-21f1c0aab2ae,27,32efb348-308a-7ac6-8601-46112ee6e4ab,/business/person/company
75ed5aed-db76-7ee9-bf3a-c6dac6e0519c,64,668f2b5e-1b72-8003-1ff0-5799ec9211e1,/business/person/company
7675904d-dcf6-9bef-844c-36b9d9dc0ed3,82,27924239-6dc8-41f0-6a6d-060c2250c2a4,/people/person/nationality
7675b021-ec41-0b84-fa98-2c2fa14b6ef8,12,2bbfc2cb-0816-eb43-568e-8b8ffd458456,/people/person/nationality
7678eb02-5578-9c72-0716-1f42a55c0558,80,615e510b-698e-1a63-3736-9fe70d72e531,/people/person/nationality
78c68d82-dc48-da08-d4df-20efae3f217d,81,b823826d-3aa0-d4b1-3913-0b8fb77fa7d6,/business/person/company
7a081111-cb29-82be-1cd9-cd9fedc2d363,40,9a3ce998-fcd0-bb53-929f-1e9e3f0d0f78,/people/person/nationality
7b161db6-f9dc-85a8-d517-9c06193dc914,58,f890564e-1bc5-25cc-3c55-19edb710fbc7,/business/person/company
7b2d01e4-6f5c-906c-16e0-2d7ca50554d5,90,614d8d52-dc68-ce9d-77f4-da5ba652c5bf,/business/person/company
7c448b0b-fa09-a0c1-dd5c-cc055cd96767,76,5ba46624-396c-bee6-85a3-ab419dda33b9,/location/location/contains
7c448b0b-fa09-a0c1-dd5c-cc055cd96767,38,dfcfee09-5396-483a-8163-7666fc117bcd,/location/location/contains
7c778a18-dd26-abd6-14f6-26aa17983c67,0,a103a7a8-0ead-bcea-0e22-8c04b0fbbb73,/business/person/company
7c95240c-c70f-cc4d-e8c7-f11d8b60b484,57,2bbfc2cb-0816-eb43-568e-8b8ffd458456,/people/person/nationality
7d45e814-22e2-7d0e-2d78-d28fb121e493,19,9a3ce998-fcd0-bb53-929f-1e9e3f0d0f78,/people/person/nationality
7d6af5b7-a60e-12d1-3228-dab160f84c28,76,c41a2d1a-c5aa-aa67-40be-1bed7ef58fab,/people/person/place_lived
7de2b723-4512-d513-ebc7-e253be1e033a,33,46dd0e2d-d303-d70e-17d7-df10f64f23a7,/people/person/place_lived
81b7e350-06a5-2d74-f249-1ed22ecc3cf9,28,00dc5c74-ac77-c56f-7d02-367147325e1e,/people/person/nationality
825ce1c5-777b-ea57-7491-7e15493533ad,96,e4c1c585-0df7-9f04-91ff-57301953c36a,/people/person/place_lived
82d735b4-79f4-d081-caca-6bf19b413a13,42,636f1887-ef77-bf90-494e-a1cba8adad04,/people/person/nationality
84a1ee50-a75c-dc10-f0f6-e8fecc211e89,53,d9dd6d43-a656-8c6c-8ab2-801d138d2139,/people/person/nationality
85d8fa02-3442-435b-3d6f-39932f3daf87,77,8f92f024-14a5-3df5-cdc1-3d6f9482f3ac,/people/person/place_of_birth
85f65ceb-adef-0c0f-2f2e-51660f6f550d,31,ce230bd7-642a-4ffa-ca85-7d69313f929e,/people/person/nationality
86dfd0eb-e127-ecc6-c766-9a70124de665,96,c1e46b62-2936-d34e-2110-0c8c9994201f,/people/person/nationality
8845840b-5356-7c49-a418-61e958b61205,25,e307fcc7-54ab-e025-94db-67fbb5cd391c,/people/person/nationality
8a80e51f-55c6-ec52-ede2-1be094c29c36,42,03be960c-62fb-7aec-64d3-5696b3e711d3,/business/person/company
8a9abff1-c50a-2f90-3172-533c4a55831f,94,e307fcc7-54ab-e025-94db-67fbb5cd391c,/people/person/nationality
8be87c7a-0620-5d6e-b549-16babb3e25da,32,636f1887-ef77-bf90-494e-a1cba8adad04,/people/person/nationality
8c518fc0-2833-1cbb-4b1e-0b8a689c2e3b,94,3332c6a5-e493-84be-c77d-a71c0323213f,/business/person/company
8c6c9718-7046-d348-4bf6-df9b1bd55494,40,0c7da136-98ff-cd95-ff8a-99a6997899b9,/location/location/contains
8c94e7e2-5796-836a-56c8-ccee5d21b14f,91,a913663e-66cd-8bc7-50b4-3a501b1ee89f,/location/administrative_division/country
8d0da4d5-fb8f-46e1-9d4a-7d5d4bc555bf,19,4c36d4d6-fc1a-07dd-0f98-7acb6bc338ac,/people/person/nationality
8dae460e-9007-85e6-3ccb-7cf6cb1fec0e,9,2bbfc2cb-0816-eb43-568e-8b8ffd458456,/people/person/nationality
8e5c8cac-12db-4eee-4066-ab3eb856e790,20,a913663e-66cd-8bc7-50b4-3a501b1ee89f,/people/person/nationality
8e71c297-8a3e-ee78-65c5-3991f4b4860a,24,ce230bd7-642a-4ffa-ca85-7d69313f929e,/people/person/nationality
8ec16c82-12fc-66a2-e5c9-f3a5b7519139,22,e307fcc7-54ab-e025-94db-67fbb5cd391c,/people/person/nationality
8efd8d16-c6e5-78da-04f8-b3f5c655f6dc,92,636f1887-ef77-bf90-494e-a1cba8adad04,/people/person/nationality
8f156976-49a8-41e0-6a3e-e6d2c77a4bbd,34,c02cd6fc-efa1-db3c-1651-d4db40d328b0,/people/person/nationality
8f5d6cc4-4210-fc70-384f-c0416855a746,2,00dc5c74-ac77-c56f-7d02-367147325e1e,/people/person/nationality
90711b38-8760-f251-6742-803170fb4e2c,46,4b58b104-cc7f-805c-951b-56788d0df3a2,/business/person/company
90a4d066-585a-5152-a62a-b00de3eb9539,44,636f1887-ef77-bf90-494e-a1cba8adad04,/people/person/nationality
9131c9cb-c2ea-592e-ddcc-baff2b0599b7,17,ce9b67d4-6765-0aa6-6ebb-2e0ae370fd73,/business/person/company
92b4f452-b866-d633-a1b7-f9792dce421f,39,dcf04381-665a-ad0b-2055-83edddaa0b82,/people/person/nationality
92ca02e9-9c42-a8f7-5310-cc85305e262f,29,636f1887-ef77-bf90-494e-a1cba8adad04,/people/person/nationality
94060916-a502-7ea8-ee37-dc7e26fa0bcf,54,84235072-1a08-2fe7-49e1-e7154d83d1cc,/people/person/nationality
94886a99-1779-a096-6b8d-784e4c778ef3,11,e307fcc7-54ab-e025-94db-67fbb5cd391c,/people/person/nationality
95170125-f5d5-a1e2-5298-be16d800918d,77,636f1887-ef77-bf90-494e-a1cba8adad04,/people/person/nationality
9697b5eb-bde8-a41c-ddc8-6ff1964ec5c0,70,e307fcc7-54ab-e025-94db-67fbb5cd391c,/people/person/nationality
981b5444-686c-460f-9299-7f2062244bc2,65,b177f318-9a4d-87b7-52ba-d43520b2a0dd,/business/person/company
9a3ce998-fcd0-bb53-929f-1e9e3f0d0f78,28,6dea7940-d944-a91f-27a8-5f038bde9839,/location/location/contains
9b00a867-7041-74db-9bb2-60fb5e1232b2,11,9a3ce998-fcd0-bb53-929f-1e9e3f0d0f78,/people/person/nationality
9b75d916-546e-cd05-aeba-80a89391bcbb,94,dcf04381-665a-ad0b-2055-83edddaa0b82,/people/person/nationality
9c7e80f2-f5dc-e39b-af37-2e392ec5e1b4,62,c02cd6fc-efa1-db3c-1651-d4db40d328b0,/people/person/nationality
9d80b6c4-3b0c-b16d-7d89-4ce10b1fb7eb,18,95c0fcd9-43e8-4483-3f6f-c658a99d3538,/business/person/company
9dc9c079-4196-45d1-5e9a-99a444e84f62,78,a913663e-66cd-8bc7-50b4-3a501b1ee89f,/people/person/nationality
9f1c1c57-828e-0eed-d95c-d14f0723a97a,24,d74b5cd8-e470-1355-7733-5ff7973c799d,/business/person/company
9fbd97dc-4e96-4090-0916-0fb6fd932dd3,14,636f1887-ef77-bf90-494e-a1cba8adad04,/people/person/nationality
a04a91e8-2e9c-b9b9-838d-7105067e2d91,0,615e510b-698e-1a63-3736-9fe70d72e531,/people/person/nationality
a1280dd9-95de-bfca-eb0f-591c53b4a382,54,12a9d4ce-56a2-b37b-7891-62ed4717f92f,/people/person/place_lived
a1b497c8-8cf7-754a-d36e-179e44cc366f,9,84235072-1a08-2fe7-49e1-e7154d83d1cc,/people/person/nationality
a214d181-cd25-a341-c211-ba882509ad6f,90,27924239-6dc8-41f0-6a6d-060c2250c2a4,/people/person/nationality
a230f4a9-f9ab-9dec-f766-1cb03513d974,62,12a9d4ce-56a2-b37b-7891-62ed4717f92f,/people/person/place_lived
a2c716fc-26b7-4910-9f16-aa2d1e6f542e,98,4fe4fa08-0969-9367-229b-7f6827504924,/business/person/company
a30d89ad-32d8-741c-137e-e62fc360205f,24,1ba754f3-07da-67b5-94a9-06a939be8729,/location/location/contains
a30d89ad-32d8-741c-137e-e62fc360205f,85,2891e1c8-950d-81bc-9c72-503fd548e051,/location/location/contains
a30d89ad-32d8-741c-137e-e62fc360205f,13,59b29402-b770-2e25-6533-752d8c28f1ce,/location/location/contains
a30d89ad-32d8-741c-137e-e62fc360205f,7,76c29f47-c231-da95-5da8-6bd3ee2f168e,/location/location/contains
a30d89ad-32d8-741c-137e-e62fc360205f,7,c23cdc05-323e-37dc-b8fe-7b27b8a8972c,/location/location/contains
a30d89ad-32d8-741c-137e-e62fc360205f,85,ff18fd8a-fe37-d3f1-49a3-fe192245823e,/location/location/contains
a3dd2655-5e18-0241-e52d-69c9bd210c0d,35,c41a2d1a-c5aa-aa67-40be-1bed7ef58fab,/people/person/place_lived
a3fad881-befc-ac13-5491-411bdc3aec6b,59,d9dd6d43-a656-8c6c-8ab2-801d138d2139,/people/person/nationality
a5aec245-7d0d-6b08-9279-87c4d3c42ffe,23,a913663e-66cd-8bc7-50b4-3a501b1ee89f,/location/administrative_division/country
a829bf2a-f87d-2829-4452-a9e428a39f35,11,e307fcc7-54ab-e025-94db-67fbb5cd391c,/people/person/nationality
a94f6012-d13d-99e8-708e-f900f1270bab,36,63467437-1677-6544-5340-376359496f2f,/location/location/contains
a94f6012-d13d-99e8-708e-f900f1270bab,35,ce2b13c5-8cc0-7cee-5c94-6a441e95d455,/location/location/contains
a94f6012-d13d-99e8-708e-f900f1270bab,35,e2d066e4-751d-6b73-2e9b-ddee21a814ae,/location/location/contains
ab788225-3264-c188-6dde-44a8af57af64,91,d5159765-6528-e64c-c08c-173f4509bc01,/business/person/company
aca15267-154f-e631-72dc-b857ba5c6c4f,38,58d68302-23a8-79e4-48bd-cd016c9b747c,/people/person/place_lived
ae69e4c7-10e0-9279-f2a4-75ec21ee1c96,56,2bbfc2cb-0816-eb43-568e-8b8ffd458456,/people/person/nationality
aea3307d-548f-fb18-dd21-9158ce352ea3,23,0a8844dc-743e-6f1c-4c04-b184360330e0,/business/person/company
af03d1ec-021e-4fa4-57e4-f9b764d1c2fb,86,e307fcc7-54ab-e025-94db-67fbb5cd391c,/people/person/nationality
afc2f2c3-7336-7279-396f-d0ea1413c7a7,11,d524659d-f243-55b6-30f6-467cf2c5becf,/people/person/nationality
b12e9bc3-8e19-c518-c52d-8d3bf95d7c81,62,233ab4d7-dc4e-e203-ecd7-1ad2abbaaa32,/people/person/nationality
b27b598a-589a-29d3-b5cb-d4c8eff76d85,49,2bbfc2cb-0816-eb43-568e-8b8ffd458456,/people/person/nationality
b2bab4c0-9274-2b40-0671-e374a996f88d,66,615e510b-698e-1a63-3736-9fe70d72e531,/people/person/nationality
b3f86e80-50d4-497d-3a89-6b6193460375,43,2d9a00b4-3a47-e305-e905-4149af57df57,/business/person/company
b409c825-43c2-e4ab-368c-745cc1a07d57,54,a913663e-66cd-8bc7-50b4-3a501b1ee89f,/people/person/nationality
b4f71212-6550-bfc0-11e4-a106f0707550,95,a7110aa0-7309-94e1-8bfb-a90675405aa8,/location/location/contains
b5ea2752-aba5-084c-819e-9ddce35c8c0c,1,636f1887-ef77-bf90-494e-a1cba8adad04,/people/person/nationality
b69b9605-85cf-4f81-2dd4-c4c29a2efc7f,51,5a7b28fc-c9ea-4bcc-d0d9-a1edd58b1be0,/location/location/contains
b6e7e073-98b2-eee6-7cfe-4b1f765635c5,4,9a3ce998-fcd0-bb53-929f-1e9e3f0d0f78,/location/administrative_division/country
b850deb4-444f-adbf-6da8-a801bb3e124b,75,9a3ce998-fcd0-bb53-929f-1e9e3f0d0f78,/people/person/nationality
b93f2f41-b214-400a-2d60-eef210659cd7,31,c02cd6fc-efa1-db3c-1651-d4db40d328b0,/people/person/nationality
ba80c0a8-cb33-3867-bcc7-841766fbd49e,68,a03cd33c-5dbc-7a3e-ab36-5bbbc1671eff,/location/neighborhood/neighborhood_of
bb31ecf3-c5fc-ef14-c165-c239eeade32f,68,c1e46b62-2936-d34e-2110-0c8c9994201f,/people/person/nationality
bbe3ce86-b20a-642a-1742-6380b1b28b9f,74,6ff339fb-1b92-28d6-0e55-8c8aa9f09420,/business/person/company
bd426192-60d5-d3fc-c183-d79a90157560,50,c02cd6fc-efa1-db3c-1651-d4db40d328b0,/people/person/nationality
bdf93c08-b6f8-b5e8-c0f4-a22d6e88e2e0,94,c1e46b62-2936-d34e-2110-0c8c9994201f,/people/person/nationality
c0bd642b-3a91-dab1-87c6-7a20fe4b9cc3,90,267df7d1-0c39-b656-8648-ce68883b03f0,/people/person/nationality
c1e46b62-2936-d34e-2110-0c8c9994201f,0,400415ac-fa44-9e13-5e8e-1afddafb3164,/location/location/contains
c1e46b62-2936-d34e-2110-0c8c9994201f,49,cccbe295-2cd3-5ed2-9878-344c8e2ba587,/location/location/contains
c1e46b62-2936-d34e-2110-0c8c9994201f,51,dce50709-c9ac-1793-e5d6-9cf8c2da489e,/location/location/contains
c3214286-bf66-eb3b-ee59-87812a6c67aa,70,e307fcc7-54ab-e025-94db-67fbb5cd391c,/people/person/nationality
c33d1fb2-7245-6b0f-34ba-361b39604d31,22,e307fcc7-54ab-e025-94db-67fbb5cd391c,/people/person/nationality
c41a1e87-4939-f448-0a63-d6d7514a83ce,58,c02cd6fc-efa1-db3c-1651-d4db40d328b0,/people/person/nationality
c41a2d1a-c5aa-aa67-40be-1bed7ef58fab,26,703a3461-3e65-b374-c938-20e0e835d779,/location/location/contains
c4ebabd1-51fb-758b-f9ab-5b479df00c49,94,615e510b-698e-1a63-3736-9fe70d72e531,/people/person/nationality
c5200116-29dc-8b05-089f-4e099ec78198,21,c1e46b62-2936-d34e-2110-0c8c9994201f,/people/person/nationality
c5a36464-962d-50b4-ce16-d2bc110fc7b8,91,a913663e-66cd-8bc7-50b4-3a501b1ee89f,/people/person/nationality
c66e0c2e-9632-5f4f-e7a6-7a1d0f9ba3d0,37,c02cd6fc-efa1-db3c-1651-d4db40d328b0,/people/person/nationality
c7b2ee08-0074-476b-aff8-8b40b65040b5,83,6d0be59c-221a-916a-88b9-e27633eac820,/business/person/company
cb434bde-2322-9e7e-54e2-f6a9c959dd63,38,c1e46b62-2936-d34e-2110-0c8c9994201f,/people/person/nationality
cbca92a3-de5a-245c-7419-6ef509f9dd04,32,615e510b-698e-1a63-3736-9fe70d72e531,/people/person/nationality
cbcc434f-a261-83b6-f1ac-d1baeaadf419,97,d05cd295-bcc7-4480-202e-4052e6803d45,/business/person/company
cbf38f66-a4dc-d49e-62e3-5bfd237f4abb,68,27924239-6dc8-41f0-6a6d-060c2250c2a4,/people/person/nationality
cceb62c3-d8db-4dfa-3686-5014ef03a84a,92,1ba754f3-07da-67b5-94a9-06a939be8729,/business/person/company
cd4aa0a8-2bdb-6827-7f32-890c4863f9ee,13,c02cd6fc-efa1-db3c-1651-d4db40d328b0,/people/person/nationality
ce1fb349-b7ab-430a-10d0-a14c9cda6b98,70,6678c091-2bc4-1f3d-2dd3-df28b1d026f6,/business/person/company
ce1fb349-b7ab-430a-10d0-a14c9cda6b98,31,bd333f15-738f-a6c2-98b3-26b209d29f38,/business/person/company
cff77dd2-0f09-e4e5-6bee-0776257c00f6,74,636f1887-ef77-bf90-494e-a1cba8adad04,/people/person/nationality
d236252b-be6e-9fcd-4941-d06629e57fc8,11,c02cd6fc-efa1-db3c-1651-d4db40d328b0,/people/person/nationality
d3010266-3293-fa0f-7e54-2633f54f9d8b,6,e307fcc7-54ab-e025-94db-67fbb5cd391c,/people/person/nationality
d3f1d52a-1458-deae-fa7b-db073565ea8d,95,37022c55-5e4c-69c1-2ae4-8f1bdd09e5ab,/location/location/contains
d4ef9712-8ed9-1b08-7705-bc013846517c,9,c02cd6fc-efa1-db3c-1651-d4db40d328b0,/people/person/nationality
d55bdd1b-aafd-894c-2f81-ce5704e769b3,32,e307fcc7-54ab-e025-94db-67fbb5cd391c,/people/person/nationality
d61f6edb-d1ec-3cdd-ceba-05230310b6ff,96,ce4f2a16-2d49-3d63-01b2-f9282e2c8ebb,/location/location/contains
d64df7f2-6dc7-d3ff-492d-a866359043f1,77,615e510b-698e-1a63-3736-9fe70d72e531,/people/person/nationality
d74060e4-6158-b804-b6b0-28c3d1900320,94,d524659d-f243-55b6-30f6-467cf2c5becf,/people/person/nationality
d7d147be-61da-2724-ea92-96d5b3de6cbf,3,edb79473-d5b0-965c-da1d-3c8ef4233642,/business/person/company
d8756049-6f8a-76ac-b547-912cb481d88b,71,dcf04381-665a-ad0b-2055-83edddaa0b82,/people/person/nationality
d95018d3-8990-cd50-a711-4efc72ab7d32,10,9a3ce998-fcd0-bb53-929f-1e9e3f0d0f78,/people/person/nationality
d95dcb6c-2d7a-6e05-f480-4ce5539ec474,20,1683e014-7761-d90c-94c6-acade596e17c,/business/person/company
d96fa6cc-0b3a-6cd1-14a0-007d0baf0310,52,d3f1d52a-1458-deae-fa7b-db073565ea8d,/people/person/place_lived
d9a0c7b7-03f6-e168-2f12-1168730001da,23,2bbfc2cb-0816-eb43-568e-8b8ffd458456,/people/person/nationality
d9fdac05-0508-aece-67d9-1fe9553e2527,33,84235072-1a08-2fe7-49e1-e7154d83d1cc,/people/person/nationality
da2663b3-a019-2642-33f5-52f46de6ce7a,44,039e8468-408f-88f7-792e-0eab4fc0c59b,/business/person/company
dab41391-5a42-5953-bf33-4e192d8a9e6e,79,9a3ce998-fcd0-bb53-929f-1e9e3f0d0f78,/people/person/nationality
dac41ec9-51c9-c947-b37f-4cad7350de21,57,c1e46b62-2936-d34e-2110-0c8c9994201f,/people/person/nationality
db23d22e-7ec7-c0b0-6231-fe3f2752098e,86,e07684d4-60dd-0736-27c3-15f4cb71bfe2,/business/person/company
db2e44b7-76c7-d29c-f33a-936bd12a6981,45,81d3600d-76f7-ead0-c42c-3c0efe02913d,/location/location/contains
db533853-97ac-4841-5f0a-24919a7bc925,64,b69b9605-85cf-4f81-2dd4-c4c29a2efc7f,/people/person/nationality
dc68fb1a-a859-aeb7-aa36-bb1fcd10d98c,46,f166696d-99f0-d04a-6fd1-b163b3956d77,/business/person/company
dcaea177-2e12-33a2-2a15-f63c8b9e421b,93,35b1cd9d-f2d6-bda8-439b-d160e170dfd1,/location/location/contains
dcf04381-665a-ad0b-2055-83edddaa0b82,48,d70dd240-6f6c-68cb-e78b-f0a533b6cca3,/location/location/contains
dd1e9df5-6f5d-66a8-e494-17a907288130,2,4f702bfb-4a35-7775-8df3-074ab4606218,/business/person/company
dd676717-7f2d-7490-c220-3c1a36119181,56,615e510b-698e-1a63-3736-9fe70d72e531,/people/person/nationality
dd7be12a-a37c-2faf-9bae-34fae7102433,2,3091d193-e5b2-0513-59fe-461867dd24e5,/people/person/place_lived
ddaac6ed-f3e2-1476-44c2-f41d0f5b4016,86,6dd8d954-c30e-18e5-037f-6457af1262e3,/location/location/contains
de51d17d-18a8-c114-48ea-fc9eb5f3f268,13,e307fcc7-54ab-e025-94db-67fbb5cd391c,/people/person/nationality
de793668-3842-d332-248b-f715885a6ae0,83,401c5641-9049-a9da-561b-aac9e2573488,/people/person/place_lived
e00cb10a-cdc2-d825-2e4b-cdf50f80b067,55,d4daec01-6ed1-320b-f024-7672fee493c5,/location/location/contains
e08e3ebf-8b0d-9546-b2bf-3b57fe75d2fd,79,c1e46b62-2936-d34e-2110-0c8c9994201f,/people/person/nationality
e1bd3237-9e8a-563d-e70e-bac11c4304ff,13,a913663e-66cd-8bc7-50b4-3a501b1ee89f,/people/person/nationality
e20a5dce-0d48-9133-b3c2-ab6bc261939c,32,9a3ce998-fcd0-bb53-929f-1e9e3f0d0f78,/people/person/nationality
e280bb01-1cc6-92ef-5f0f-b688933251c6,69,c02cd6fc-efa1-db3c-1651-d4db40d328b0,/people/person/nationality
e307fcc7-54ab-e025-94db-67fbb5cd391c,18,01ff4ae0-cdc0-8344-0ffe-a31e3ba7c5b7,/location/location/contains
e307fcc7-54ab-e025-94db-67fbb5cd391c,60,45601238-5941-616c-ae62-15cb5e0c538f,/location/location/contains
e307fcc7-54ab-e025-94db-67fbb5cd391c,90,d78b0ac7-0b21-616e-8dd1-953b6c6e641a,/location/location/contains
e38bc544-1542-bd14-34da-c132e65ee20a,41,84235072-1a08-2fe7-49e1-e7154d83d1cc,/people/person/nationality
e3e18235-8945-4b2d-7a7e-86793f5c4665,13,8ce87e85-15db-fb19-3435-9a60a467311c,/people/person/place_lived
e83c411f-4e62-b204-cba6-68aa2a425325,56,2bbfc2cb-0816-eb43-568e-8b8ffd458456,/people/person/nationality
e9ff62f0-7d99-0375-0a8d-06c938341366,42,233ab4d7-dc4e-e203-ecd7-1ad2abbaaa32,/people/person/nationality
ea53df2d-a105-e2ef-aaff-de336932753f,68,615e510b-698e-1a63-3736-9fe70d72e531,/location/administrative_division/country
ea556170-fa2d-ed1c-a7fc-0bd4041d6d83,39,a913663e-66cd-8bc7-50b4-3a501b1ee89f,/people/person/nationality
ee4ca995-be22-757e-4499-910a42d2a14d,8,5869c9a8-7576-461b-4900-3dc4290eac2d,/location/location/contains
ef838d11-0e66-ac06-6317-4b4023565048,56,6d8653a9-68c1-71b3-2b61-341f4c8f7956,/people/person/place_lived
f0992622-5bd4-9a41-f383-fda99d247f0e,70,9b129329-6d27-3bf3-a78a-4137873e00fc,/people/person/nationality
f22b847a-4dfa-9ad8-d40d-decb8386f716,51,300af334-c43b-c93d-ec0d-c31d48816fcf,/business/person/company
f3bcb535-1699-f868-1627-9ca0e3e0f268,83,955b6614-4428-0938-e615-1d855df33aae,/business/person/company
f51e29cf-cce6-0a3f-2898-a08ead9f5d64,49,e307fcc7-54ab-e025-94db-67fbb5cd391c,/people/person/nationality
f69a57be-566e-4e00-d307-641adbf3494d,8,84235072-1a08-2fe7-49e1-e7154d83d1cc,/people/person/nationality
f80dba03-93ff-8dea-ad89-63482d3e549c,35,c02cd6fc-efa1-db3c-1651-d4db40d328b0,/people/person/nationality
f83e80a4-0ed9-cffd-25dd-5a108471a1ad,78,1683e014-7761-d90c-94c6-acade596e17c,/business/person/company
f883d1b2-e2a6-38c0-838a-6f69b58ec037,86,6a38415f-97f9-804d-d698-32cb1c80c564,/business/person/company
f9e0acd9-066b-2aba-4a9d-f4219795789d,45,1683e014-7761-d90c-94c6-acade596e17c,/business/person/company
fbc53fec-9aeb-0521-9ff1-ffc8e506b969,42,2bbfc2cb-0816-eb43-568e-8b8ffd458456,/people/person/nationality
fc5b92e8-1832-2ad7-405a-262b55fa8dd2,49,615e510b-698e-1a63-3736-9fe70d72e531,/people/person/nationality
fdc3b8e8-2aee-9031-5c43-803c00ebef33,38,e307fcc7-54ab-e025-94db-67fbb5cd391c,/people/person/nationality
ff2317e6-7b53-7c0f-a830-7ff1473221ee,73,84235072-1a08-2fe7-49e1-e7154d83d1cc,/people/person/nationality
ff891b1e-f0aa-c980-10cc-596343ab5fe6,94,2bbfc2cb-0816-eb43-568e-8b8ffd458456,/people/person/nationality
